{"cameraMode":{"drawMode":0,"name":"Shaded","section":"Shading Mode"},"sceneLighting":false,"audioPlay":false,"sceneViewState":{"m_AlwaysRefresh":false,"showFog":true,"showSkybox":false,"showFlares":true,"showImageEffects":true,"showParticleSystems":true,"showVisualEffectGraphs":true,"m_FxEnabled":true},"in2DMode":false,"pivot":{"x":-130.60440063476563,"y":12.140438079833985,"z":-100.93179321289063},"rotation":{"x":0.40194323658943179,"y":-0.49432191252708437,"z":0.2762368321418762,"w":0.7197476029396057},"size":32.683528900146487,"orthographic":false}