{"cameraMode":{"drawMode":0,"name":"Shaded","section":"Shading Mode"},"sceneLighting":false,"audioPlay":false,"sceneViewState":{"m_AlwaysRefresh":false,"showFog":true,"showSkybox":false,"showFlares":true,"showImageEffects":true,"showParticleSystems":true,"showVisualEffectGraphs":true,"m_FxEnabled":true},"in2DMode":false,"pivot":{"x":-186.75643920898438,"y":12.265435218811036,"z":-137.12759399414063},"rotation":{"x":0.12203063815832138,"y":-0.33432048559188845,"z":0.04347905144095421,"w":0.9336146116256714},"size":13.295458793640137,"orthographic":false}