{"cameraMode":{"drawMode":0,"name":"Shaded","section":"Shading Mode"},"sceneLighting":false,"audioPlay":false,"sceneViewState":{"m_AlwaysRefresh":false,"showFog":true,"showSkybox":false,"showFlares":true,"showImageEffects":true,"showParticleSystems":true,"showVisualEffectGraphs":true,"m_FxEnabled":true},"in2DMode":false,"pivot":{"x":-398.49468994140627,"y":3.506715774536133,"z":-54.15510559082031},"rotation":{"x":0.7217984199523926,"y":0.0010382637847214938,"z":-0.0010826699435710908,"w":0.6921024918556213},"size":120.14071655273438,"orthographic":false}