{"cameraMode":{"drawMode":0,"name":"Shaded","section":"Shading Mode"},"sceneLighting":false,"audioPlay":false,"sceneViewState":{"m_AlwaysRefresh":false,"showFog":true,"showSkybox":false,"showFlares":true,"showImageEffects":true,"showParticleSystems":true,"showVisualEffectGraphs":true,"m_FxEnabled":true},"in2DMode":false,"pivot":{"x":50.692413330078128,"y":-15.587162017822266,"z":38.211700439453128},"rotation":{"x":-0.02418447472155094,"y":0.7458489537239075,"z":-0.6653301119804382,"w":-0.027215199545025827},"size":110.63191223144531,"orthographic":true}