{"cameraMode":{"drawMode":0,"name":"Shaded","section":"Shading Mode"},"sceneLighting":false,"audioPlay":false,"sceneViewState":{"m_AlwaysRefresh":false,"showFog":true,"showSkybox":false,"showFlares":true,"showImageEffects":true,"showParticleSystems":true,"showVisualEffectGraphs":true,"m_FxEnabled":true},"in2DMode":false,"pivot":{"x":-239.13079833984376,"y":12.140438079833985,"z":-254.14120483398438},"rotation":{"x":0.007252218201756477,"y":-0.6953977942466736,"z":0.7187364101409912,"w":0.007346500176936388},"size":72.87561798095703,"orthographic":true}